{
  "project_info": {
    "project_number": "919208647214",
    "project_id": "app-autenticacao-75c72",
    "storage_bucket": "app-autenticacao-75c72.appspot.com"
  },
  "client": [
    {
      "client_info": {
        "mobilesdk_app_id": "1:919208647214:android:9441384d8dd17949545dbf",
        "android_client_info": {
          "package_name": "com.example.appautenticao"
        }
      },
      "oauth_client": [],
      "api_key": [
        {
          "current_key": "AIzaSyBbnPbAHytuPM1tdg4dCFvDIl-cl5EFHFg"
        }
      ],
      "services": {
        "appinvite_service": {
          "other_platform_oauth_client": []
        }
      }
    }
  ],
  "configuration_version": "1"
}